Hash,Description
ABC123,"The image shows a cactus plant standing in the middle of a frozen lake. The cactus is surrounded by large ice crystals that have formed on the surface of the water. In the background, there is a range of mountains with snow-capped peaks. The sky is clear and blue, with a few fluffy clouds floating in the distance. The overall mood of the image is peaceful and serene, with the cactus standing tall and proud in the center of the frozen lake."
27E3dr,"The logo design is simple and minimalistic, with a pink line drawing of a flamingo standing on one leg in the water. The design is clean and easy to recognize, making it suitable for use in various contexts such as a logo for a beach resort or a flamingo-themed event. The use of a flamingo as a symbol adds a touch of whimsy and fun to the design, making it memorable and eye-catching. Overall, it's a well-designed logo that effectively communicates the brand's message."
Ad02D3,"Describe this image as detailed as possible. The image shows a busy city street with a clock tower in the background. The street is lined with shops and restaurants on both sides. There are several motorcycles parked on the side of the road, and people are walking down the street. The clock tower has a large clock face with Roman numerals and a small spire on top. The buildings on either side of the street have ornate facades and balconies. The street is paved with cobblestones and there are streetlights on either side of the road. The sky is clear and blue, and there are a few clouds in the distance."
0R5RE2,"The image depicts a young boy standing on the edge of a rooftop overlooking a large cityscape. The boy is wearing a hoodie and jeans, and he has his hands in his pockets as he looks out at the view before him. The cityscape behind him is made up of towering skyscrapers and other buildings, with smoke rising from some of them. The sky is a deep shade of blue, and there are a few clouds visible in the distance. The overall mood of the image is one of contemplation and wonder, as the boy appears to be taking in the sights and sounds of the bustling city below."
CMD2DA,"he image shows a group of musicians performing on stage in front of a large audience. The musicians are playing electric guitars and are wearing black and white clothing. The audience is made up of people of different ages and ethnicities who are watching the performance and taking photos with their phones. The stage is lit up with bright lights and there is a large screen displaying the band's name and lyrics in Chinese characters. The atmosphere is lively and energetic, with the audience cheering and singing along to the music."
dm2Adw,"The image shows a leaf with brown spots on it. The spots are likely caused by a fungal infection, which can be treated with a fungicide. It's important to identify the type of fungus causing the spots in order to choose the appropriate treatment."
A0peeR,"This meme is funny because it shows a dog laying on the floor with its head resting on its paws, as if it is tired or sleepy. The caption, ""monday just monday,"" adds to the humor by suggesting that the dog is feeling the same way as many people do on Mondays, which are often considered to be the most dreaded day of the week. The meme is relatable and humorous, making it a popular one among internet users."
DA123a, "There are three penguins that are standing together in the snow."


